hour_beginning,location,Pedestrians,Towards Manhattan,Towards Brooklyn,weather_summary,temperature,precipitation,lat,long,events
10/01/17,Brooklyn Bridge,44,30,14,clear-night,52,0.0001,40.70816397,-73.9995087,
10/01/17,Brooklyn Bridge,30,17,13,partly-cloudy-night,53,0.0002,40.70816397,-73.9995087,
10/01/17,Brooklyn Bridge,25,13,12,partly-cloudy-night,52,0,40.70816397,-73.9995087,
10/01/17,Brooklyn Bridge,20,11,9,partly-cloudy-night,51,0,40.70816397,-73.9995087,
10/01/17,Brooklyn Bridge,18,10,8,partly-cloudy-night,51,0,40.70816397,-73.9995087,
10/01/17,Brooklyn Bridge,16,12,4,partly-cloudy-night,50,0,40.70816397,-73.9995087,
10/01/17,Brooklyn Bridge,113,88,25,partly-cloudy-night,49,0.0001,40.70816397,-73.9995087,
10/01/17,Brooklyn Bridge,199,72,127,clear-day,49,0,40.70816397,-73.9995087,
10/01/17,Brooklyn Bridge,261,133,128,clear-day,50,0,40.70816397,-73.9995087,
10/01/17,Brooklyn Bridge,845,504,341,clear-day,54,0,40.70816397,-73.9995087,
10/01/17,Brooklyn Bridge,2478,1906,572,clear-day,57,0,40.70816397,-73.9995087,
10/01/17,Brooklyn Bridge,3006,1277,1729,clear-day,60,0,40.70816397,-73.9995087,
10/01/17,Brooklyn Bridge,2263,1233,1030,clear-day,62,0,40.70816397,-73.9995087,
10/01/17,Brooklyn Bridge,2616,1447,1169,clear-day,64,0,40.70816397,-73.9995087,
10/01/17,Brooklyn Bridge,2463,1339,1124,clear-day,65,0,40.70816397,-73.9995087,
10/01/17,Brooklyn Bridge,2245,1189,1056,clear-day,66,0,40.70816397,-73.9995087,
10/01/17,Brooklyn Bridge,2764,1040,1724,clear-day,67,0,40.70816397,-73.9995087,
10/01/17,Brooklyn Bridge,2247,1140,1107,clear-day,67,0,40.70816397,-73.9995087,
10/01/17,Brooklyn Bridge,2142,1091,1051,clear-day,66,0,40.70816397,-73.9995087,
10/01/17,Brooklyn Bridge,899,298,601,clear-night,62,0,40.70816397,-73.9995087,
10/01/17,Brooklyn Bridge,481,143,338,clear-night,59,0,40.70816397,-73.9995087,
10/01/17,Brooklyn Bridge,275,117,158,clear-night,57,0,40.70816397,-73.9995087,
10/01/17,Brooklyn Bridge,133,53,80,clear-night,55,0,40.70816397,-73.9995087,
10/01/17,Brooklyn Bridge,104,68,36,clear-night,54,0,40.70816397,-73.9995087,
10/02/17,Brooklyn Bridge,60,20,40,clear-night,53,0,40.70816397,-73.9995087,
10/02/17,Brooklyn Bridge,27,15,12,clear-night,52,0,40.70816397,-73.9995087,
10/02/17,Brooklyn Bridge,6,3,3,clear-night,51,0,40.70816397,-73.9995087,
10/02/17,Brooklyn Bridge,8,5,3,clear-night,50,0,40.70816397,-73.9995087,
10/02/17,Brooklyn Bridge,2,0,2,clear-night,49,0,40.70816397,-73.9995087,
10/02/17,Brooklyn Bridge,19,13,6,clear-night,48,0,40.70816397,-73.9995087,
10/02/17,Brooklyn Bridge,96,64,32,clear-night,49,0,40.70816397,-73.9995087,
10/02/17,Brooklyn Bridge,182,81,101,clear-day,48,0,40.70816397,-73.9995087,
10/02/17,Brooklyn Bridge,362,138,224,clear-day,50,0,40.70816397,-73.9995087,
10/02/17,Brooklyn Bridge,536,293,243,clear-day,56,0,40.70816397,-73.9995087,
10/02/17,Brooklyn Bridge,1071,645,426,clear-day,60,0,40.70816397,-73.9995087,
10/02/17,Brooklyn Bridge,1617,860,757,clear-day,64,0,40.70816397,-73.9995087,
10/02/17,Brooklyn Bridge,1756,829,927,clear-day,66,0,40.70816397,-73.9995087,
10/02/17,Brooklyn Bridge,1753,898,855,clear-day,68,0,40.70816397,-73.9995087,
10/02/17,Brooklyn Bridge,1719,885,834,clear-day,69,0,40.70816397,-73.9995087,
10/02/17,Brooklyn Bridge,1637,867,770,clear-day,71,0,40.70816397,-73.9995087,
10/02/17,Brooklyn Bridge,1883,1044,839,clear-day,71,0,40.70816397,-73.9995087,
10/02/17,Brooklyn Bridge,1952,1072,880,clear-day,71,0,40.70816397,-73.9995087,
10/02/17,Brooklyn Bridge,1659,1055,604,clear-day,69,0,40.70816397,-73.9995087,
10/02/17,Brooklyn Bridge,773,319,454,clear-night,65,0,40.70816397,-73.9995087,
10/02/17,Brooklyn Bridge,376,171,205,clear-night,62,0,40.70816397,-73.9995087,
10/02/17,Brooklyn Bridge,301,142,159,clear-night,60,0,40.70816397,-73.9995087,
10/02/17,Brooklyn Bridge,155,79,76,clear-night,58,0,40.70816397,-73.9995087,
10/02/17,Brooklyn Bridge,78,46,32,clear-night,57,0,40.70816397,-73.9995087,
10/03/17,Brooklyn Bridge,45,26,19,clear-night,55,0,40.70816397,-73.9995087,
10/03/17,Brooklyn Bridge,17,12,5,clear-night,53,0,40.70816397,-73.9995087,
10/03/17,Brooklyn Bridge,7,2,5,clear-night,52,0,40.70816397,-73.9995087,
10/03/17,Brooklyn Bridge,5,2,3,clear-night,51,0,40.70816397,-73.9995087,
10/03/17,Brooklyn Bridge,8,3,5,clear-night,51,0,40.70816397,-73.9995087,
10/03/17,Brooklyn Bridge,22,14,8,clear-night,50,0,40.70816397,-73.9995087,
10/03/17,Brooklyn Bridge,122,76,46,clear-night,50,0,40.70816397,-73.9995087,
10/03/17,Brooklyn Bridge,230,96,134,clear-day,50,0,40.70816397,-73.9995087,
10/03/17,Brooklyn Bridge,390,162,228,clear-day,52,0,40.70816397,-73.9995087,
10/03/17,Brooklyn Bridge,616,341,275,clear-day,59,0,40.70816397,-73.9995087,
10/03/17,Brooklyn Bridge,936,555,381,clear-day,62,0.0002,40.70816397,-73.9995087,
10/03/17,Brooklyn Bridge,1517,799,718,clear-day,65,0.0003,40.70816397,-73.9995087,
10/03/17,Brooklyn Bridge,1666,852,814,clear-day,67,0.0002,40.70816397,-73.9995087,
10/03/17,Brooklyn Bridge,1572,792,780,partly-cloudy-day,67,0,40.70816397,-73.9995087,
10/03/17,Brooklyn Bridge,1642,762,880,clear-day,68,0.0001,40.70816397,-73.9995087,
10/03/17,Brooklyn Bridge,1686,901,785,clear-day,68,0,40.70816397,-73.9995087,
10/03/17,Brooklyn Bridge,1572,824,748,clear-day,67,0,40.70816397,-73.9995087,
10/03/17,Brooklyn Bridge,1695,996,699,clear-day,66,0,40.70816397,-73.9995087,
10/03/17,Brooklyn Bridge,1478,893,585,clear-day,64,0,40.70816397,-73.9995087,
10/03/17,Brooklyn Bridge,613,240,373,clear-night,61,0,40.70816397,-73.9995087,
10/03/17,Brooklyn Bridge,341,160,181,clear-night,59,0,40.70816397,-73.9995087,
10/03/17,Brooklyn Bridge,196,102,94,clear-night,58,0,40.70816397,-73.9995087,
10/03/17,Brooklyn Bridge,134,65,69,clear-night,56,0,40.70816397,-73.9995087,
10/03/17,Brooklyn Bridge,70,34,36,clear-night,55,0,40.70816397,-73.9995087,
10/04/17,Brooklyn Bridge,28,14,14,clear-night,55,0,40.70816397,-73.9995087,
10/04/17,Brooklyn Bridge,16,11,5,clear-night,53,0,40.70816397,-73.9995087,
10/04/17,Brooklyn Bridge,11,7,4,clear-night,53,0,40.70816397,-73.9995087,
10/04/17,Brooklyn Bridge,12,5,7,clear-night,52,0,40.70816397,-73.9995087,
10/04/17,Brooklyn Bridge,11,6,5,clear-night,51,0,40.70816397,-73.9995087,
10/04/17,Brooklyn Bridge,16,9,7,clear-night,51,0,40.70816397,-73.9995087,
10/04/17,Brooklyn Bridge,106,68,38,clear-night,51,0,40.70816397,-73.9995087,
10/04/17,Brooklyn Bridge,291,125,166,clear-night,50,0,40.70816397,-73.9995087,
10/04/17,Brooklyn Bridge,412,159,253,clear-day,52,0,40.70816397,-73.9995087,
10/04/17,Brooklyn Bridge,571,299,272,clear-day,57,0,40.70816397,-73.9995087,
10/04/17,Brooklyn Bridge,1017,621,396,clear-day,62,0,40.70816397,-73.9995087,
10/04/17,Brooklyn Bridge,1530,830,700,clear-day,65,0,40.70816397,-73.9995087,
10/04/17,Brooklyn Bridge,1709,899,810,clear-day,68,0,40.70816397,-73.9995087,
10/04/17,Brooklyn Bridge,1611,811,800,clear-day,71,0,40.70816397,-73.9995087,
10/04/17,Brooklyn Bridge,1608,794,814,clear-day,73,0,40.70816397,-73.9995087,
10/04/17,Brooklyn Bridge,1524,874,650,clear-day,74,0,40.70816397,-73.9995087,
10/04/17,Brooklyn Bridge,1733,964,769,clear-day,74,0,40.70816397,-73.9995087,
10/04/17,Brooklyn Bridge,1907,1135,772,clear-day,74,0,40.70816397,-73.9995087,
10/04/17,Brooklyn Bridge,1739,1081,658,clear-day,72,0,40.70816397,-73.9995087,
10/04/17,Brooklyn Bridge,737,278,459,clear-night,70,0,40.70816397,-73.9995087,
10/04/17,Brooklyn Bridge,395,150,245,clear-night,69,0,40.70816397,-73.9995087,
10/04/17,Brooklyn Bridge,264,135,129,clear-night,68,0,40.70816397,-73.9995087,
10/04/17,Brooklyn Bridge,181,85,96,clear-night,68,0.0001,40.70816397,-73.9995087,
10/04/17,Brooklyn Bridge,104,57,47,partly-cloudy-night,67,0.0001,40.70816397,-73.9995087,
10/05/17,Brooklyn Bridge,41,15,26,clear-night,65,0,40.70816397,-73.9995087,
10/05/17,Brooklyn Bridge,21,10,11,clear-night,64,0,40.70816397,-73.9995087,
10/05/17,Brooklyn Bridge,3,3,0,partly-cloudy-night,64,0,40.70816397,-73.9995087,
10/05/17,Brooklyn Bridge,3,0,3,partly-cloudy-night,64,0,40.70816397,-73.9995087,
10/05/17,Brooklyn Bridge,2,1,1,partly-cloudy-night,64,0,40.70816397,-73.9995087,
10/05/17,Brooklyn Bridge,19,12,7,partly-cloudy-night,63,0,40.70816397,-73.9995087,
10/05/17,Brooklyn Bridge,101,54,47,partly-cloudy-night,63,0,40.70816397,-73.9995087,
10/05/17,Brooklyn Bridge,307,133,174,partly-cloudy-night,63,0,40.70816397,-73.9995087,
10/05/17,Brooklyn Bridge,338,126,212,partly-cloudy-day,63,0,40.70816397,-73.9995087,
10/05/17,Brooklyn Bridge,687,392,295,clear-day,65,0,40.70816397,-73.9995087,
10/05/17,Brooklyn Bridge,1081,640,441,clear-day,69,0.0009,40.70816397,-73.9995087,
10/05/17,Brooklyn Bridge,1644,923,721,clear-day,73,0.0019,40.70816397,-73.9995087,
10/05/17,Brooklyn Bridge,1705,817,888,rain,77,0.0272,40.70816397,-73.9995087,
10/05/17,Brooklyn Bridge,1726,850,876,clear-day,79,0.0024,40.70816397,-73.9995087,
10/05/17,Brooklyn Bridge,1812,908,904,partly-cloudy-day,80,0.0021,40.70816397,-73.9995087,
10/05/17,Brooklyn Bridge,1829,983,846,partly-cloudy-day,81,0.0012,40.70816397,-73.9995087,
10/05/17,Brooklyn Bridge,1835,910,925,clear-day,81,0,40.70816397,-73.9995087,
10/05/17,Brooklyn Bridge,1956,1129,827,clear-day,80,0,40.70816397,-73.9995087,
10/05/17,Brooklyn Bridge,1382,787,595,partly-cloudy-day,78,0,40.70816397,-73.9995087,
10/05/17,Brooklyn Bridge,635,250,385,clear-night,77,0,40.70816397,-73.9995087,
10/05/17,Brooklyn Bridge,393,180,213,partly-cloudy-night,76,0,40.70816397,-73.9995087,
10/05/17,Brooklyn Bridge,287,125,162,clear-night,75,0,40.70816397,-73.9995087,
10/05/17,Brooklyn Bridge,115,54,61,partly-cloudy-night,74,0.0007,40.70816397,-73.9995087,
10/05/17,Brooklyn Bridge,58,16,42,partly-cloudy-night,71,0.001,40.70816397,-73.9995087,
10/06/17,Brooklyn Bridge,50,21,29,partly-cloudy-night,70,0.0011,40.70816397,-73.9995087,
10/06/17,Brooklyn Bridge,22,11,11,partly-cloudy-night,69,0.0017,40.70816397,-73.9995087,
10/06/17,Brooklyn Bridge,8,3,5,partly-cloudy-night,69,0.0021,40.70816397,-73.9995087,
10/06/17,Brooklyn Bridge,15,8,7,clear-night,68,0.0012,40.70816397,-73.9995087,
10/06/17,Brooklyn Bridge,7,3,4,clear-night,67,0.0002,40.70816397,-73.9995087,
10/06/17,Brooklyn Bridge,16,11,5,partly-cloudy-night,67,0,40.70816397,-73.9995087,
10/06/17,Brooklyn Bridge,126,74,52,clear-night,66,0,40.70816397,-73.9995087,
10/06/17,Brooklyn Bridge,279,120,159,partly-cloudy-night,66,0,40.70816397,-73.9995087,
10/06/17,Brooklyn Bridge,493,242,251,clear-day,66,0,40.70816397,-73.9995087,
10/06/17,Brooklyn Bridge,660,386,274,clear-day,68,0,40.70816397,-73.9995087,
10/06/17,Brooklyn Bridge,1244,686,558,clear-day,70,0,40.70816397,-73.9995087,
10/06/17,Brooklyn Bridge,1593,893,700,clear-day,74,0,40.70816397,-73.9995087,
10/06/17,Brooklyn Bridge,1941,1049,892,clear-day,76,0,40.70816397,-73.9995087,
10/06/17,Brooklyn Bridge,1862,906,956,clear-day,78,0,40.70816397,-73.9995087,
10/06/17,Brooklyn Bridge,1989,941,1048,clear-day,80,0,40.70816397,-73.9995087,
10/06/17,Brooklyn Bridge,2140,1136,1004,clear-day,80,0,40.70816397,-73.9995087,
10/06/17,Brooklyn Bridge,2083,1122,961,clear-day,78,0,40.70816397,-73.9995087,
10/06/17,Brooklyn Bridge,2124,1188,936,clear-day,77,0,40.70816397,-73.9995087,
10/06/17,Brooklyn Bridge,1470,834,636,clear-day,74,0,40.70816397,-73.9995087,
10/06/17,Brooklyn Bridge,759,275,484,clear-night,71,0,40.70816397,-73.9995087,
10/06/17,Brooklyn Bridge,471,184,287,clear-night,70,0,40.70816397,-73.9995087,
10/06/17,Brooklyn Bridge,364,152,212,clear-night,69,0,40.70816397,-73.9995087,
10/06/17,Brooklyn Bridge,238,100,138,clear-night,69,0,40.70816397,-73.9995087,
10/06/17,Brooklyn Bridge,135,69,66,clear-night,69,0,40.70816397,-73.9995087,
10/07/17,Brooklyn Bridge,88,52,36,clear-night,69,0,40.70816397,-73.9995087,
10/07/17,Brooklyn Bridge,64,32,32,clear-night,68,0,40.70816397,-73.9995087,
10/07/17,Brooklyn Bridge,29,17,12,clear-night,68,0,40.70816397,-73.9995087,
10/07/17,Brooklyn Bridge,10,5,5,clear-night,66,0,40.70816397,-73.9995087,
10/07/17,Brooklyn Bridge,9,6,3,partly-cloudy-night,66,0,40.70816397,-73.9995087,
10/07/17,Brooklyn Bridge,21,13,8,partly-cloudy-night,65,0,40.70816397,-73.9995087,
10/07/17,Brooklyn Bridge,84,55,29,partly-cloudy-night,65,0,40.70816397,-73.9995087,
10/07/17,Brooklyn Bridge,244,109,135,partly-cloudy-night,64,0,40.70816397,-73.9995087,
10/07/17,Brooklyn Bridge,378,225,153,partly-cloudy-day,65,0,40.70816397,-73.9995087,
10/07/17,Brooklyn Bridge,989,655,334,partly-cloudy-day,68,0,40.70816397,-73.9995087,
10/07/17,Brooklyn Bridge,1737,1037,700,clear-day,70,0,40.70816397,-73.9995087,
10/07/17,Brooklyn Bridge,2602,1510,1092,clear-day,74,0,40.70816397,-73.9995087,
10/07/17,Brooklyn Bridge,2983,1591,1392,clear-day,77,0,40.70816397,-73.9995087,
10/07/17,Brooklyn Bridge,3191,1691,1500,clear-day,78,0,40.70816397,-73.9995087,
10/07/17,Brooklyn Bridge,3251,1765,1486,clear-day,79,0,40.70816397,-73.9995087,
10/07/17,Brooklyn Bridge,3633,1834,1799,clear-day,78,0,40.70816397,-73.9995087,
10/07/17,Brooklyn Bridge,3388,1644,1744,clear-day,77,0,40.70816397,-73.9995087,
10/07/17,Brooklyn Bridge,3373,1796,1577,clear-day,76,0,40.70816397,-73.9995087,
10/07/17,Brooklyn Bridge,2742,1325,1417,clear-day,75,0,40.70816397,-73.9995087,
10/07/17,Brooklyn Bridge,1132,373,759,clear-night,73,0,40.70816397,-73.9995087,
10/07/17,Brooklyn Bridge,665,213,452,clear-night,72,0,40.70816397,-73.9995087,
10/07/17,Brooklyn Bridge,373,150,223,clear-night,71,0,40.70816397,-73.9995087,
10/07/17,Brooklyn Bridge,356,145,211,clear-night,71,0,40.70816397,-73.9995087,
10/07/17,Brooklyn Bridge,268,119,149,partly-cloudy-night,71,0,40.70816397,-73.9995087,
10/08/17,Brooklyn Bridge,145,75,70,partly-cloudy-night,71,0,40.70816397,-73.9995087,
10/08/17,Brooklyn Bridge,57,38,19,clear-night,71,0,40.70816397,-73.9995087,
10/08/17,Brooklyn Bridge,46,25,21,partly-cloudy-night,72,0,40.70816397,-73.9995087,
10/08/17,Brooklyn Bridge,11,6,5,partly-cloudy-night,72,0,40.70816397,-73.9995087,
10/08/17,Brooklyn Bridge,26,19,7,partly-cloudy-night,72,0,40.70816397,-73.9995087,
10/08/17,Brooklyn Bridge,24,15,9,partly-cloudy-night,72,0,40.70816397,-73.9995087,
10/08/17,Brooklyn Bridge,41,24,17,partly-cloudy-night,72,0.0004,40.70816397,-73.9995087,
10/08/17,Brooklyn Bridge,160,90,70,partly-cloudy-night,72,0.0014,40.70816397,-73.9995087,
10/08/17,Brooklyn Bridge,216,86,130,partly-cloudy-day,72,0.0016,40.70816397,-73.9995087,
10/08/17,Brooklyn Bridge,164,91,73,partly-cloudy-day,72,0.0013,40.70816397,-73.9995087,
10/08/17,Brooklyn Bridge,479,247,232,partly-cloudy-day,72,0.001,40.70816397,-73.9995087,
10/08/17,Brooklyn Bridge,882,335,547,partly-cloudy-day,72,0.0009,40.70816397,-73.9995087,
10/08/17,Brooklyn Bridge,1504,762,742,partly-cloudy-day,73,0.0008,40.70816397,-73.9995087,
10/08/17,Brooklyn Bridge,1923,1027,896,partly-cloudy-day,74,0.0007,40.70816397,-73.9995087,
10/08/17,Brooklyn Bridge,2599,1280,1319,partly-cloudy-day,75,0,40.70816397,-73.9995087,
10/08/17,Brooklyn Bridge,2606,1376,1230,partly-cloudy-day,76,0,40.70816397,-73.9995087,
10/08/17,Brooklyn Bridge,2531,1224,1307,partly-cloudy-day,76,0,40.70816397,-73.9995087,
10/08/17,Brooklyn Bridge,2485,1241,1244,clear-day,76,0,40.70816397,-73.9995087,
10/08/17,Brooklyn Bridge,1745,858,887,partly-cloudy-day,76,0,40.70816397,-73.9995087,
10/08/17,Brooklyn Bridge,783,233,550,clear-night,75,0,40.70816397,-73.9995087,
10/08/17,Brooklyn Bridge,589,224,365,partly-cloudy-night,75,0,40.70816397,-73.9995087,
10/08/17,Brooklyn Bridge,453,171,282,clear-night,74,0,40.70816397,-73.9995087,
10/08/17,Brooklyn Bridge,311,129,182,clear-night,74,0.0008,40.70816397,-73.9995087,
10/08/17,Brooklyn Bridge,213,93,120,clear-night,73,0.0014,40.70816397,-73.9995087,
10/09/17,Brooklyn Bridge,112,38,74,clear-night,73,0.0014,40.70816397,-73.9995087,Columbus Day (regional holiday)
10/09/17,Brooklyn Bridge,41,15,26,partly-cloudy-night,73,0.001,40.70816397,-73.9995087,Columbus Day (regional holiday)
10/09/17,Brooklyn Bridge,22,17,5,partly-cloudy-night,72,0.0008,40.70816397,-73.9995087,Columbus Day (regional holiday)
10/09/17,Brooklyn Bridge,7,2,5,clear-night,72,0.0007,40.70816397,-73.9995087,Columbus Day (regional holiday)
10/09/17,Brooklyn Bridge,6,3,3,partly-cloudy-night,72,0.0008,40.70816397,-73.9995087,Columbus Day (regional holiday)
10/09/17,Brooklyn Bridge,9,5,4,partly-cloudy-night,72,0.0009,40.70816397,-73.9995087,Columbus Day (regional holiday)
10/09/17,Brooklyn Bridge,58,45,13,partly-cloudy-night,71,0.0006,40.70816397,-73.9995087,Columbus Day (regional holiday)
10/09/17,Brooklyn Bridge,169,81,88,partly-cloudy-night,71,0.0001,40.70816397,-73.9995087,Columbus Day (regional holiday)
10/09/17,Brooklyn Bridge,296,130,166,partly-cloudy-day,71,0,40.70816397,-73.9995087,Columbus Day (regional holiday)
10/09/17,Brooklyn Bridge,477,254,223,partly-cloudy-day,72,0,40.70816397,-73.9995087,Columbus Day (regional holiday)
10/09/17,Brooklyn Bridge,888,446,442,partly-cloudy-day,72,0.0001,40.70816397,-73.9995087,Columbus Day (regional holiday)
10/09/17,Brooklyn Bridge,825,375,450,partly-cloudy-day,72,0.0003,40.70816397,-73.9995087,Columbus Day (regional holiday)
10/09/17,Brooklyn Bridge,732,300,432,partly-cloudy-day,73,0.0017,40.70816397,-73.9995087,Columbus Day (regional holiday)
10/09/17,Brooklyn Bridge,422,192,230,rain,73,0.0058,40.70816397,-73.9995087,Columbus Day (regional holiday)
10/09/17,Brooklyn Bridge,654,339,315,rain,72,0.0056,40.70816397,-73.9995087,Columbus Day (regional holiday)
10/09/17,Brooklyn Bridge,787,414,373,partly-cloudy-day,72,0.0044,40.70816397,-73.9995087,Columbus Day (regional holiday)
10/09/17,Brooklyn Bridge,881,480,401,partly-cloudy-day,73,0.0016,40.70816397,-73.9995087,Columbus Day (regional holiday)
10/09/17,Brooklyn Bridge,878,490,388,partly-cloudy-day,74,0.0004,40.70816397,-73.9995087,Columbus Day (regional holiday)
10/09/17,Brooklyn Bridge,722,348,374,partly-cloudy-day,74,0.0003,40.70816397,-73.9995087,Columbus Day (regional holiday)
10/09/17,Brooklyn Bridge,368,175,193,partly-cloudy-night,74,0.0004,40.70816397,-73.9995087,Columbus Day (regional holiday)
10/09/17,Brooklyn Bridge,250,125,125,partly-cloudy-night,74,0.0005,40.70816397,-73.9995087,Columbus Day (regional holiday)
10/09/17,Brooklyn Bridge,184,91,93,partly-cloudy-night,74,0.0005,40.70816397,-73.9995087,Columbus Day (regional holiday)
10/09/17,Brooklyn Bridge,117,42,75,partly-cloudy-night,74,0.0005,40.70816397,-73.9995087,Columbus Day (regional holiday)
10/09/17,Brooklyn Bridge,80,42,38,partly-cloudy-night,75,0.0007,40.70816397,-73.9995087,Columbus Day (regional holiday)
10/10/17,Brooklyn Bridge,29,12,17,partly-cloudy-night,74,0.0006,40.70816397,-73.9995087,
10/10/17,Brooklyn Bridge,13,7,6,partly-cloudy-night,73,0.0004,40.70816397,-73.9995087,
10/10/17,Brooklyn Bridge,14,9,5,partly-cloudy-night,71,0,40.70816397,-73.9995087,
10/10/17,Brooklyn Bridge,16,6,10,clear-night,70,0,40.70816397,-73.9995087,
10/10/17,Brooklyn Bridge,8,6,2,clear-night,68,0,40.70816397,-73.9995087,
10/10/17,Brooklyn Bridge,24,16,8,clear-night,67,0,40.70816397,-73.9995087,
10/10/17,Brooklyn Bridge,131,76,55,clear-night,66,0,40.70816397,-73.9995087,
10/10/17,Brooklyn Bridge,296,141,155,clear-night,65,0,40.70816397,-73.9995087,
10/10/17,Brooklyn Bridge,490,190,300,clear-day,66,0,40.70816397,-73.9995087,
10/10/17,Brooklyn Bridge,683,401,282,clear-day,68,0,40.70816397,-73.9995087,
10/10/17,Brooklyn Bridge,1499,896,603,clear-day,71,0,40.70816397,-73.9995087,
10/10/17,Brooklyn Bridge,2037,1087,950,clear-day,74,0,40.70816397,-73.9995087,
10/10/17,Brooklyn Bridge,2088,1024,1064,clear-day,76,0,40.70816397,-73.9995087,
10/10/17,Brooklyn Bridge,2105,1007,1098,clear-day,77,0,40.70816397,-73.9995087,
10/10/17,Brooklyn Bridge,2323,1146,1177,clear-day,78,0,40.70816397,-73.9995087,
10/10/17,Brooklyn Bridge,1907,1016,891,clear-day,79,0,40.70816397,-73.9995087,
10/10/17,Brooklyn Bridge,1960,1000,960,clear-day,79,0,40.70816397,-73.9995087,
10/10/17,Brooklyn Bridge,1913,1162,751,clear-day,79,0,40.70816397,-73.9995087,
10/10/17,Brooklyn Bridge,1535,933,602,clear-day,78,0,40.70816397,-73.9995087,
10/10/17,Brooklyn Bridge,776,248,528,clear-night,74,0,40.70816397,-73.9995087,
10/10/17,Brooklyn Bridge,448,189,259,clear-night,72,0,40.70816397,-73.9995087,
10/10/17,Brooklyn Bridge,308,141,167,clear-night,70,0,40.70816397,-73.9995087,
10/10/17,Brooklyn Bridge,141,65,76,clear-night,68,0,40.70816397,-73.9995087,
10/10/17,Brooklyn Bridge,77,30,47,clear-night,67,0,40.70816397,-73.9995087,
10/11/17,Brooklyn Bridge,40,17,23,clear-night,66,0,40.70816397,-73.9995087,
10/11/17,Brooklyn Bridge,24,11,13,clear-night,65,0,40.70816397,-73.9995087,
10/11/17,Brooklyn Bridge,9,3,6,clear-night,64,0,40.70816397,-73.9995087,
10/11/17,Brooklyn Bridge,8,6,2,clear-night,63,0,40.70816397,-73.9995087,
10/11/17,Brooklyn Bridge,8,8,0,clear-night,63,0,40.70816397,-73.9995087,
10/11/17,Brooklyn Bridge,37,24,13,clear-night,63,0,40.70816397,-73.9995087,
10/11/17,Brooklyn Bridge,100,60,40,clear-night,63,0,40.70816397,-73.9995087,
10/11/17,Brooklyn Bridge,277,142,135,clear-night,64,0,40.70816397,-73.9995087,
10/11/17,Brooklyn Bridge,437,149,288,clear-day,64,0,40.70816397,-73.9995087,
10/11/17,Brooklyn Bridge,535,244,291,clear-day,65,0,40.70816397,-73.9995087,
10/11/17,Brooklyn Bridge,1116,694,422,clear-day,67,0,40.70816397,-73.9995087,
10/11/17,Brooklyn Bridge,1602,843,759,clear-day,69,0,40.70816397,-73.9995087,
10/11/17,Brooklyn Bridge,1576,758,818,clear-day,71,0,40.70816397,-73.9995087,
10/11/17,Brooklyn Bridge,1572,770,802,clear-day,72,0,40.70816397,-73.9995087,
10/11/17,Brooklyn Bridge,1808,861,947,clear-day,73,0,40.70816397,-73.9995087,
10/11/17,Brooklyn Bridge,1657,855,802,partly-cloudy-day,73,0,40.70816397,-73.9995087,
10/11/17,Brooklyn Bridge,1744,944,800,partly-cloudy-day,72,0,40.70816397,-73.9995087,
10/11/17,Brooklyn Bridge,1713,820,893,partly-cloudy-day,70,0,40.70816397,-73.9995087,
10/11/17,Brooklyn Bridge,615,371,244,partly-cloudy-day,69,0,40.70816397,-73.9995087,
10/11/17,Brooklyn Bridge,288,113,175,partly-cloudy-night,67,0,40.70816397,-73.9995087,
10/11/17,Brooklyn Bridge,242,122,120,partly-cloudy-night,66,0,40.70816397,-73.9995087,
10/11/17,Brooklyn Bridge,143,80,63,partly-cloudy-night,65,0,40.70816397,-73.9995087,
10/11/17,Brooklyn Bridge,139,69,70,partly-cloudy-night,65,0,40.70816397,-73.9995087,
10/11/17,Brooklyn Bridge,65,34,31,partly-cloudy-night,64,0,40.70816397,-73.9995087,
10/12/17,Brooklyn Bridge,27,10,17,partly-cloudy-night,64,0,40.70816397,-73.9995087,
10/12/17,Brooklyn Bridge,15,7,8,partly-cloudy-night,63,0.0001,40.70816397,-73.9995087,
10/12/17,Brooklyn Bridge,6,3,3,partly-cloudy-night,61,0.0004,40.70816397,-73.9995087,
10/12/17,Brooklyn Bridge,0,0,0,partly-cloudy-night,60,0.0013,40.70816397,-73.9995087,
10/12/17,Brooklyn Bridge,1,1,0,partly-cloudy-night,60,0.0029,40.70816397,-73.9995087,
10/12/17,Brooklyn Bridge,7,6,1,partly-cloudy-night,58,0.004,40.70816397,-73.9995087,
10/12/17,Brooklyn Bridge,59,33,26,partly-cloudy-night,58,0.0023,40.70816397,-73.9995087,
10/12/17,Brooklyn Bridge,152,85,67,partly-cloudy-night,57,0.0009,40.70816397,-73.9995087,
10/12/17,Brooklyn Bridge,278,106,172,partly-cloudy-day,57,0.0002,40.70816397,-73.9995087,
10/12/17,Brooklyn Bridge,360,153,207,partly-cloudy-day,57,0,40.70816397,-73.9995087,
10/12/17,Brooklyn Bridge,687,436,251,partly-cloudy-day,57,0,40.70816397,-73.9995087,
10/12/17,Brooklyn Bridge,1239,762,477,partly-cloudy-day,58,0,40.70816397,-73.9995087,
10/12/17,Brooklyn Bridge,1663,842,821,partly-cloudy-day,59,0,40.70816397,-73.9995087,
10/12/17,Brooklyn Bridge,1883,943,940,partly-cloudy-day,61,0,40.70816397,-73.9995087,
10/12/17,Brooklyn Bridge,1776,900,876,partly-cloudy-day,62,0,40.70816397,-73.9995087,
10/12/17,Brooklyn Bridge,1530,786,744,partly-cloudy-day,63,0,40.70816397,-73.9995087,
10/12/17,Brooklyn Bridge,1780,957,823,partly-cloudy-day,63,0,40.70816397,-73.9995087,
10/12/17,Brooklyn Bridge,1825,1089,736,clear-day,63,0,40.70816397,-73.9995087,
10/12/17,Brooklyn Bridge,1437,739,698,clear-day,62,0,40.70816397,-73.9995087,
10/12/17,Brooklyn Bridge,606,246,360,clear-night,60,0,40.70816397,-73.9995087,
10/12/17,Brooklyn Bridge,332,165,167,clear-night,59,0,40.70816397,-73.9995087,
10/12/17,Brooklyn Bridge,211,112,99,partly-cloudy-night,58,0,40.70816397,-73.9995087,
10/12/17,Brooklyn Bridge,144,85,59,clear-night,57,0,40.70816397,-73.9995087,
10/12/17,Brooklyn Bridge,61,33,28,clear-night,56,0,40.70816397,-73.9995087,
10/13/17,Brooklyn Bridge,47,29,18,clear-night,55,0,40.70816397,-73.9995087,
10/13/17,Brooklyn Bridge,17,10,7,clear-night,54,0,40.70816397,-73.9995087,
10/13/17,Brooklyn Bridge,16,9,7,clear-night,54,0,40.70816397,-73.9995087,
10/13/17,Brooklyn Bridge,13,7,6,clear-night,53,0,40.70816397,-73.9995087,
10/13/17,Brooklyn Bridge,10,6,4,partly-cloudy-night,52,0,40.70816397,-73.9995087,
10/13/17,Brooklyn Bridge,17,11,6,partly-cloudy-night,52,0,40.70816397,-73.9995087,
10/13/17,Brooklyn Bridge,92,53,39,partly-cloudy-night,52,0,40.70816397,-73.9995087,
10/13/17,Brooklyn Bridge,251,117,134,partly-cloudy-night,52,0,40.70816397,-73.9995087,
10/13/17,Brooklyn Bridge,391,142,249,partly-cloudy-day,53,0,40.70816397,-73.9995087,
10/13/17,Brooklyn Bridge,500,271,229,partly-cloudy-day,55,0,40.70816397,-73.9995087,
10/13/17,Brooklyn Bridge,1145,697,448,partly-cloudy-day,57,0,40.70816397,-73.9995087,
10/13/17,Brooklyn Bridge,1931,1102,829,partly-cloudy-day,59,0,40.70816397,-73.9995087,
10/13/17,Brooklyn Bridge,2159,1114,1045,partly-cloudy-day,61,0,40.70816397,-73.9995087,
10/13/17,Brooklyn Bridge,2016,983,1033,partly-cloudy-day,63,0,40.70816397,-73.9995087,
10/13/17,Brooklyn Bridge,2340,1085,1255,partly-cloudy-day,64,0,40.70816397,-73.9995087,
10/13/17,Brooklyn Bridge,2276,1159,1117,partly-cloudy-day,64,0,40.70816397,-73.9995087,
10/13/17,Brooklyn Bridge,2386,1237,1149,partly-cloudy-day,65,0,40.70816397,-73.9995087,
10/13/17,Brooklyn Bridge,2344,1256,1088,partly-cloudy-day,64,0,40.70816397,-73.9995087,
10/13/17,Brooklyn Bridge,1574,860,714,partly-cloudy-day,63,0,40.70816397,-73.9995087,
10/13/17,Brooklyn Bridge,700,311,389,partly-cloudy-night,63,0,40.70816397,-73.9995087,
10/13/17,Brooklyn Bridge,370,157,213,partly-cloudy-night,62,0,40.70816397,-73.9995087,
10/13/17,Brooklyn Bridge,356,163,193,partly-cloudy-night,62,0,40.70816397,-73.9995087,
10/13/17,Brooklyn Bridge,181,92,89,partly-cloudy-night,62,0,40.70816397,-73.9995087,
10/13/17,Brooklyn Bridge,144,57,87,partly-cloudy-night,62,0,40.70816397,-73.9995087,
10/14/17,Brooklyn Bridge,65,24,41,partly-cloudy-night,62,0.0002,40.70816397,-73.9995087,
10/14/17,Brooklyn Bridge,36,17,19,partly-cloudy-night,62,0.0008,40.70816397,-73.9995087,
10/14/17,Brooklyn Bridge,8,5,3,partly-cloudy-night,61,0.0006,40.70816397,-73.9995087,
10/14/17,Brooklyn Bridge,7,5,2,partly-cloudy-night,61,0.0009,40.70816397,-73.9995087,
10/14/17,Brooklyn Bridge,5,4,1,partly-cloudy-night,61,0.0012,40.70816397,-73.9995087,
10/14/17,Brooklyn Bridge,15,12,3,partly-cloudy-night,61,0.0018,40.70816397,-73.9995087,
10/14/17,Brooklyn Bridge,37,25,12,partly-cloudy-night,61,0.0018,40.70816397,-73.9995087,
10/14/17,Brooklyn Bridge,204,109,95,partly-cloudy-night,61,0.0017,40.70816397,-73.9995087,
10/14/17,Brooklyn Bridge,555,372,183,partly-cloudy-day,62,0.0006,40.70816397,-73.9995087,
10/14/17,Brooklyn Bridge,1503,1300,203,partly-cloudy-day,62,0.0003,40.70816397,-73.9995087,
10/14/17,Brooklyn Bridge,2628,2191,437,cloudy,63,0.0002,40.70816397,-73.9995087,
10/14/17,Brooklyn Bridge,2331,1550,781,partly-cloudy-day,65,0.0002,40.70816397,-73.9995087,
10/14/17,Brooklyn Bridge,2721,1539,1182,partly-cloudy-day,67,0,40.70816397,-73.9995087,
10/14/17,Brooklyn Bridge,3059,1706,1353,partly-cloudy-day,68,0,40.70816397,-73.9995087,
10/14/17,Brooklyn Bridge,3047,1418,1629,partly-cloudy-day,70,0,40.70816397,-73.9995087,
10/14/17,Brooklyn Bridge,3187,1584,1603,cloudy,70,0,40.70816397,-73.9995087,
10/14/17,Brooklyn Bridge,2962,1445,1517,cloudy,71,0,40.70816397,-73.9995087,
10/14/17,Brooklyn Bridge,2585,1253,1332,partly-cloudy-day,70,0,40.70816397,-73.9995087,
10/14/17,Brooklyn Bridge,1860,880,980,partly-cloudy-day,70,0,40.70816397,-73.9995087,
10/14/17,Brooklyn Bridge,818,309,509,partly-cloudy-night,68,0,40.70816397,-73.9995087,
10/14/17,Brooklyn Bridge,575,248,327,partly-cloudy-night,68,0,40.70816397,-73.9995087,
10/14/17,Brooklyn Bridge,393,162,231,cloudy,67,0,40.70816397,-73.9995087,
10/14/17,Brooklyn Bridge,283,143,140,partly-cloudy-night,67,0,40.70816397,-73.9995087,
10/14/17,Brooklyn Bridge,218,92,126,partly-cloudy-night,66,0,40.70816397,-73.9995087,
10/15/17,Brooklyn Bridge,168,82,86,partly-cloudy-night,66,0,40.70816397,-73.9995087,
10/15/17,Brooklyn Bridge,62,36,26,partly-cloudy-night,65,0,40.70816397,-73.9995087,
10/15/17,Brooklyn Bridge,42,18,24,partly-cloudy-night,65,0,40.70816397,-73.9995087,
10/15/17,Brooklyn Bridge,23,11,12,partly-cloudy-night,65,0,40.70816397,-73.9995087,
10/15/17,Brooklyn Bridge,9,6,3,partly-cloudy-night,65,0,40.70816397,-73.9995087,
10/15/17,Brooklyn Bridge,14,11,3,partly-cloudy-night,65,0,40.70816397,-73.9995087,
10/15/17,Brooklyn Bridge,43,26,17,partly-cloudy-night,64,0,40.70816397,-73.9995087,
10/15/17,Brooklyn Bridge,226,122,104,partly-cloudy-night,64,0,40.70816397,-73.9995087,
10/15/17,Brooklyn Bridge,399,205,194,partly-cloudy-day,65,0,40.70816397,-73.9995087,
10/15/17,Brooklyn Bridge,758,512,246,partly-cloudy-day,65,0,40.70816397,-73.9995087,
10/15/17,Brooklyn Bridge,1509,904,605,partly-cloudy-day,66,0,40.70816397,-73.9995087,
10/15/17,Brooklyn Bridge,1949,1130,819,partly-cloudy-day,68,0,40.70816397,-73.9995087,
10/15/17,Brooklyn Bridge,2420,1356,1064,partly-cloudy-day,69,0,40.70816397,-73.9995087,
10/15/17,Brooklyn Bridge,2649,1426,1223,partly-cloudy-day,71,0,40.70816397,-73.9995087,
10/15/17,Brooklyn Bridge,3049,1427,1622,partly-cloudy-day,72,0,40.70816397,-73.9995087,
10/15/17,Brooklyn Bridge,2904,1390,1514,partly-cloudy-day,72,0,40.70816397,-73.9995087,
10/15/17,Brooklyn Bridge,2824,1280,1544,partly-cloudy-day,71,0,40.70816397,-73.9995087,
10/15/17,Brooklyn Bridge,2298,1033,1265,cloudy,71,0,40.70816397,-73.9995087,
10/15/17,Brooklyn Bridge,1330,555,775,cloudy,69,0,40.70816397,-73.9995087,
10/15/17,Brooklyn Bridge,636,249,387,cloudy,69,0,40.70816397,-73.9995087,
10/15/17,Brooklyn Bridge,474,195,279,cloudy,68,0,40.70816397,-73.9995087,
10/15/17,Brooklyn Bridge,335,145,190,cloudy,68,0,40.70816397,-73.9995087,
10/15/17,Brooklyn Bridge,196,87,109,partly-cloudy-night,68,0,40.70816397,-73.9995087,
10/15/17,Brooklyn Bridge,107,53,54,partly-cloudy-night,68,0,40.70816397,-73.9995087,
10/16/17,Brooklyn Bridge,60,25,35,partly-cloudy-night,68,0,40.70816397,-73.9995087,
10/16/17,Brooklyn Bridge,11,3,8,partly-cloudy-night,68,0,40.70816397,-73.9995087,
10/16/17,Brooklyn Bridge,10,6,4,partly-cloudy-night,68,0,40.70816397,-73.9995087,
10/16/17,Brooklyn Bridge,1,1,0,partly-cloudy-night,66,0,40.70816397,-73.9995087,
10/16/17,Brooklyn Bridge,3,2,1,partly-cloudy-night,64,0,40.70816397,-73.9995087,
10/16/17,Brooklyn Bridge,18,12,6,partly-cloudy-night,61,0,40.70816397,-73.9995087,
10/16/17,Brooklyn Bridge,58,34,24,partly-cloudy-night,61,0,40.70816397,-73.9995087,
10/16/17,Brooklyn Bridge,221,99,122,partly-cloudy-night,60,0,40.70816397,-73.9995087,
10/16/17,Brooklyn Bridge,425,156,269,clear-day,58,0,40.70816397,-73.9995087,
10/16/17,Brooklyn Bridge,537,248,289,clear-day,56,0,40.70816397,-73.9995087,
10/16/17,Brooklyn Bridge,1002,573,429,clear-day,55,0,40.70816397,-73.9995087,
10/16/17,Brooklyn Bridge,1489,808,681,clear-day,56,0,40.70816397,-73.9995087,
10/16/17,Brooklyn Bridge,1667,880,787,clear-day,56,0,40.70816397,-73.9995087,
10/16/17,Brooklyn Bridge,2001,941,1060,clear-day,56,0,40.70816397,-73.9995087,
10/16/17,Brooklyn Bridge,1836,947,889,clear-day,56,0,40.70816397,-73.9995087,
10/16/17,Brooklyn Bridge,2096,1046,1050,clear-day,57,0,40.70816397,-73.9995087,
10/16/17,Brooklyn Bridge,1723,889,834,clear-day,57,0,40.70816397,-73.9995087,
10/16/17,Brooklyn Bridge,1712,998,714,clear-day,56,0,40.70816397,-73.9995087,
10/16/17,Brooklyn Bridge,1095,583,512,clear-day,55,0,40.70816397,-73.9995087,
10/16/17,Brooklyn Bridge,429,171,258,clear-night,54,0,40.70816397,-73.9995087,
10/16/17,Brooklyn Bridge,225,97,128,clear-night,53,0,40.70816397,-73.9995087,
10/16/17,Brooklyn Bridge,133,59,74,clear-night,51,0,40.70816397,-73.9995087,
10/16/17,Brooklyn Bridge,84,40,44,clear-night,50,0,40.70816397,-73.9995087,
10/16/17,Brooklyn Bridge,46,22,24,clear-night,48,0,40.70816397,-73.9995087,
10/17/17,Brooklyn Bridge,31,16,15,clear-night,47,0,40.70816397,-73.9995087,
10/17/17,Brooklyn Bridge,7,3,4,clear-night,46,0,40.70816397,-73.9995087,
10/17/17,Brooklyn Bridge,5,3,2,clear-night,44,0,40.70816397,-73.9995087,
10/17/17,Brooklyn Bridge,3,2,1,clear-night,43,0,40.70816397,-73.9995087,
10/17/17,Brooklyn Bridge,2,0,2,clear-night,42,0,40.70816397,-73.9995087,
10/17/17,Brooklyn Bridge,10,6,4,clear-night,42,0,40.70816397,-73.9995087,
10/17/17,Brooklyn Bridge,81,45,36,clear-night,40,0,40.70816397,-73.9995087,
10/17/17,Brooklyn Bridge,233,91,142,clear-night,40,0,40.70816397,-73.9995087,
10/17/17,Brooklyn Bridge,291,91,200,clear-day,41,0,40.70816397,-73.9995087,
10/17/17,Brooklyn Bridge,480,252,228,clear-day,45,0,40.70816397,-73.9995087,
10/17/17,Brooklyn Bridge,1119,720,399,clear-day,47,0,40.70816397,-73.9995087,
10/17/17,Brooklyn Bridge,1454,757,697,clear-day,50,0,40.70816397,-73.9995087,
10/17/17,Brooklyn Bridge,1668,863,805,clear-day,52,0,40.70816397,-73.9995087,
10/17/17,Brooklyn Bridge,1543,786,757,clear-day,54,0,40.70816397,-73.9995087,
10/17/17,Brooklyn Bridge,1388,709,679,clear-day,57,0,40.70816397,-73.9995087,
10/17/17,Brooklyn Bridge,1309,721,588,clear-day,58,0,40.70816397,-73.9995087,
10/17/17,Brooklyn Bridge,1495,833,662,clear-day,59,0,40.70816397,-73.9995087,
10/17/17,Brooklyn Bridge,1641,983,658,clear-day,59,0,40.70816397,-73.9995087,
10/17/17,Brooklyn Bridge,1189,679,510,clear-day,57,0,40.70816397,-73.9995087,
10/17/17,Brooklyn Bridge,490,197,293,clear-night,54,0,40.70816397,-73.9995087,
10/17/17,Brooklyn Bridge,236,113,123,clear-night,52,0,40.70816397,-73.9995087,
10/17/17,Brooklyn Bridge,147,74,73,clear-night,52,0,40.70816397,-73.9995087,
10/17/17,Brooklyn Bridge,88,52,36,clear-night,51,0,40.70816397,-73.9995087,
10/17/17,Brooklyn Bridge,46,27,19,clear-night,51,0,40.70816397,-73.9995087,
10/18/17,Brooklyn Bridge,23,11,12,clear-night,49,0,40.70816397,-73.9995087,
10/18/17,Brooklyn Bridge,14,11,3,clear-night,49,0,40.70816397,-73.9995087,
10/18/17,Brooklyn Bridge,4,3,1,clear-night,48,0,40.70816397,-73.9995087,
10/18/17,Brooklyn Bridge,5,3,2,clear-night,48,0,40.70816397,-73.9995087,
10/18/17,Brooklyn Bridge,5,4,1,clear-night,48,0,40.70816397,-73.9995087,
10/18/17,Brooklyn Bridge,24,17,7,clear-night,47,0,40.70816397,-73.9995087,
10/18/17,Brooklyn Bridge,91,51,40,clear-night,47,0,40.70816397,-73.9995087,
10/18/17,Brooklyn Bridge,283,128,155,clear-night,47,0,40.70816397,-73.9995087,
10/18/17,Brooklyn Bridge,358,123,235,clear-day,47,0,40.70816397,-73.9995087,
10/18/17,Brooklyn Bridge,523,270,253,clear-day,51,0,40.70816397,-73.9995087,
10/18/17,Brooklyn Bridge,1050,681,369,clear-day,55,0,40.70816397,-73.9995087,
10/18/17,Brooklyn Bridge,1522,916,606,clear-day,60,0,40.70816397,-73.9995087,
10/18/17,Brooklyn Bridge,1652,936,716,clear-day,65,0,40.70816397,-73.9995087,
10/18/17,Brooklyn Bridge,1580,816,764,clear-day,68,0,40.70816397,-73.9995087,
10/18/17,Brooklyn Bridge,1580,788,792,clear-day,70,0,40.70816397,-73.9995087,
10/18/17,Brooklyn Bridge,1477,764,713,clear-day,72,0,40.70816397,-73.9995087,
10/18/17,Brooklyn Bridge,1861,1062,799,clear-day,72,0,40.70816397,-73.9995087,
10/18/17,Brooklyn Bridge,1789,1005,784,clear-day,71,0,40.70816397,-73.9995087,
10/18/17,Brooklyn Bridge,1141,586,555,clear-day,67,0,40.70816397,-73.9995087,
10/18/17,Brooklyn Bridge,536,195,341,clear-night,64,0,40.70816397,-73.9995087,
10/18/17,Brooklyn Bridge,353,184,169,clear-night,62,0,40.70816397,-73.9995087,
10/18/17,Brooklyn Bridge,223,112,111,clear-night,60,0,40.70816397,-73.9995087,
10/18/17,Brooklyn Bridge,153,83,70,clear-night,59,0,40.70816397,-73.9995087,
10/18/17,Brooklyn Bridge,83,44,39,clear-night,58,0,40.70816397,-73.9995087,
10/19/17,Brooklyn Bridge,34,10,24,clear-night,60,0,40.70816397,-73.9995087,
10/19/17,Brooklyn Bridge,18,9,9,clear-night,59,0,40.70816397,-73.9995087,
10/19/17,Brooklyn Bridge,5,2,3,clear-night,58,0,40.70816397,-73.9995087,
10/19/17,Brooklyn Bridge,7,4,3,clear-night,57,0,40.70816397,-73.9995087,
10/19/17,Brooklyn Bridge,3,2,1,clear-night,55,0,40.70816397,-73.9995087,
10/19/17,Brooklyn Bridge,29,16,13,clear-night,55,0,40.70816397,-73.9995087,
10/19/17,Brooklyn Bridge,111,63,48,clear-night,53,0,40.70816397,-73.9995087,
10/19/17,Brooklyn Bridge,304,144,160,clear-night,53,0,40.70816397,-73.9995087,
10/19/17,Brooklyn Bridge,402,129,273,clear-day,55,0,40.70816397,-73.9995087,
10/19/17,Brooklyn Bridge,584,303,281,clear-day,58,0,40.70816397,-73.9995087,
10/19/17,Brooklyn Bridge,1479,910,569,clear-day,60,0,40.70816397,-73.9995087,
10/19/17,Brooklyn Bridge,1738,931,807,clear-day,63,0,40.70816397,-73.9995087,
10/19/17,Brooklyn Bridge,1747,857,890,clear-day,66,0,40.70816397,-73.9995087,
10/19/17,Brooklyn Bridge,2062,981,1081,clear-day,68,0,40.70816397,-73.9995087,
10/19/17,Brooklyn Bridge,2021,1010,1011,clear-day,69,0,40.70816397,-73.9995087,
10/19/17,Brooklyn Bridge,1976,1025,951,clear-day,70,0,40.70816397,-73.9995087,
10/19/17,Brooklyn Bridge,1923,953,970,clear-day,70,0,40.70816397,-73.9995087,
10/19/17,Brooklyn Bridge,2101,1227,874,clear-day,69,0,40.70816397,-73.9995087,
10/19/17,Brooklyn Bridge,1324,601,723,clear-day,68,0,40.70816397,-73.9995087,
10/19/17,Brooklyn Bridge,582,245,337,clear-night,66,0,40.70816397,-73.9995087,
10/19/17,Brooklyn Bridge,353,176,177,clear-night,65,0,40.70816397,-73.9995087,
10/19/17,Brooklyn Bridge,264,134,130,clear-night,64,0,40.70816397,-73.9995087,
10/19/17,Brooklyn Bridge,150,68,82,clear-night,63,0,40.70816397,-73.9995087,
10/19/17,Brooklyn Bridge,103,58,45,clear-night,62,0,40.70816397,-73.9995087,
10/20/17,Brooklyn Bridge,30,14,16,clear-night,59,0,40.70816397,-73.9995087,
10/20/17,Brooklyn Bridge,23,12,11,clear-night,59,0,40.70816397,-73.9995087,
10/20/17,Brooklyn Bridge,10,8,2,clear-night,58,0,40.70816397,-73.9995087,
10/20/17,Brooklyn Bridge,5,4,1,clear-night,57,0,40.70816397,-73.9995087,
10/20/17,Brooklyn Bridge,6,2,4,clear-night,57,0,40.70816397,-73.9995087,
10/20/17,Brooklyn Bridge,26,13,13,clear-night,55,0,40.70816397,-73.9995087,
10/20/17,Brooklyn Bridge,135,79,56,clear-night,55,0,40.70816397,-73.9995087,
10/20/17,Brooklyn Bridge,277,140,137,clear-night,54,0,40.70816397,-73.9995087,
10/20/17,Brooklyn Bridge,360,143,217,clear-day,56,0,40.70816397,-73.9995087,
10/20/17,Brooklyn Bridge,665,351,314,clear-day,60,0,40.70816397,-73.9995087,
10/20/17,Brooklyn Bridge,1412,892,520,clear-day,63,0,40.70816397,-73.9995087,
10/20/17,Brooklyn Bridge,1994,1023,971,clear-day,66,0,40.70816397,-73.9995087,
10/20/17,Brooklyn Bridge,2098,1012,1086,clear-day,69,0,40.70816397,-73.9995087,
10/20/17,Brooklyn Bridge,2245,1176,1069,clear-day,71,0,40.70816397,-73.9995087,
10/20/17,Brooklyn Bridge,2102,1066,1036,clear-day,72,0,40.70816397,-73.9995087,
10/20/17,Brooklyn Bridge,2140,1102,1038,clear-day,73,0,40.70816397,-73.9995087,
10/20/17,Brooklyn Bridge,2213,1207,1006,clear-day,73,0,40.70816397,-73.9995087,
10/20/17,Brooklyn Bridge,2290,1374,916,clear-day,72,0,40.70816397,-73.9995087,
10/20/17,Brooklyn Bridge,1409,731,678,clear-day,70,0,40.70816397,-73.9995087,
10/20/17,Brooklyn Bridge,567,218,349,clear-night,67,0,40.70816397,-73.9995087,
10/20/17,Brooklyn Bridge,361,160,201,clear-night,65,0,40.70816397,-73.9995087,
10/20/17,Brooklyn Bridge,279,145,134,clear-night,63,0,40.70816397,-73.9995087,
10/20/17,Brooklyn Bridge,201,96,105,clear-night,61,0,40.70816397,-73.9995087,
10/20/17,Brooklyn Bridge,180,73,107,clear-night,60,0,40.70816397,-73.9995087,
10/21/17,Brooklyn Bridge,84,48,36,clear-night,59,0,40.70816397,-73.9995087,
10/21/17,Brooklyn Bridge,29,16,13,clear-night,57,0,40.70816397,-73.9995087,
10/21/17,Brooklyn Bridge,19,9,10,clear-night,55,0,40.70816397,-73.9995087,
10/21/17,Brooklyn Bridge,16,8,8,clear-night,53,0,40.70816397,-73.9995087,
10/21/17,Brooklyn Bridge,14,9,5,clear-night,53,0,40.70816397,-73.9995087,
10/21/17,Brooklyn Bridge,21,16,5,clear-night,53,0,40.70816397,-73.9995087,
10/21/17,Brooklyn Bridge,87,58,29,clear-night,52,0,40.70816397,-73.9995087,
10/21/17,Brooklyn Bridge,287,147,140,clear-night,52,0,40.70816397,-73.9995087,
10/21/17,Brooklyn Bridge,382,189,193,clear-day,53,0,40.70816397,-73.9995087,
10/21/17,Brooklyn Bridge,945,568,377,clear-day,58,0,40.70816397,-73.9995087,
10/21/17,Brooklyn Bridge,1639,1008,631,clear-day,63,0,40.70816397,-73.9995087,
10/21/17,Brooklyn Bridge,2464,1519,945,clear-day,67,0,40.70816397,-73.9995087,
10/21/17,Brooklyn Bridge,3022,1533,1489,clear-day,72,0,40.70816397,-73.9995087,
10/21/17,Brooklyn Bridge,3209,1666,1543,clear-day,76,0,40.70816397,-73.9995087,
10/21/17,Brooklyn Bridge,3587,1899,1688,clear-day,77,0,40.70816397,-73.9995087,
10/21/17,Brooklyn Bridge,3600,1858,1742,clear-day,77,0,40.70816397,-73.9995087,
10/21/17,Brooklyn Bridge,3558,1763,1795,clear-day,75,0,40.70816397,-73.9995087,
10/21/17,Brooklyn Bridge,3609,1805,1804,clear-day,73,0,40.70816397,-73.9995087,
10/21/17,Brooklyn Bridge,1828,793,1035,clear-day,69,0,40.70816397,-73.9995087,
10/21/17,Brooklyn Bridge,849,325,524,clear-night,66,0,40.70816397,-73.9995087,
10/21/17,Brooklyn Bridge,514,245,269,clear-night,61,0,40.70816397,-73.9995087,
10/21/17,Brooklyn Bridge,406,170,236,clear-night,61,0,40.70816397,-73.9995087,
10/21/17,Brooklyn Bridge,244,111,133,clear-night,61,0,40.70816397,-73.9995087,
10/21/17,Brooklyn Bridge,201,115,86,clear-night,60,0,40.70816397,-73.9995087,
10/22/17,Brooklyn Bridge,147,85,62,clear-night,58,0,40.70816397,-73.9995087,
10/22/17,Brooklyn Bridge,74,29,45,clear-night,57,0,40.70816397,-73.9995087,
10/22/17,Brooklyn Bridge,20,15,5,clear-night,57,0,40.70816397,-73.9995087,
10/22/17,Brooklyn Bridge,25,16,9,clear-night,56,0,40.70816397,-73.9995087,
10/22/17,Brooklyn Bridge,2,1,1,clear-night,55,0,40.70816397,-73.9995087,
10/22/17,Brooklyn Bridge,13,8,5,clear-night,55,0,40.70816397,-73.9995087,
10/22/17,Brooklyn Bridge,57,40,17,clear-night,54,0,40.70816397,-73.9995087,
10/22/17,Brooklyn Bridge,213,133,80,clear-night,54,0,40.70816397,-73.9995087,
10/22/17,Brooklyn Bridge,387,214,173,clear-day,54,0,40.70816397,-73.9995087,
10/22/17,Brooklyn Bridge,999,630,369,clear-day,56,0,40.70816397,-73.9995087,
10/22/17,Brooklyn Bridge,2355,1392,963,clear-day,59,0,40.70816397,-73.9995087,
10/22/17,Brooklyn Bridge,2679,1516,1163,clear-day,62,0,40.70816397,-73.9995087,
10/22/17,Brooklyn Bridge,2907,1560,1347,clear-day,63,0,40.70816397,-73.9995087,
10/22/17,Brooklyn Bridge,3229,1724,1505,clear-day,65,0,40.70816397,-73.9995087,
10/22/17,Brooklyn Bridge,3093,1510,1583,clear-day,65,0,40.70816397,-73.9995087,
10/22/17,Brooklyn Bridge,3046,1596,1450,clear-day,65,0,40.70816397,-73.9995087,
10/22/17,Brooklyn Bridge,3066,1457,1609,clear-day,64,0,40.70816397,-73.9995087,
10/22/17,Brooklyn Bridge,2763,1378,1385,clear-day,64,0,40.70816397,-73.9995087,
10/22/17,Brooklyn Bridge,1536,566,970,clear-day,62,0,40.70816397,-73.9995087,
10/22/17,Brooklyn Bridge,739,249,490,clear-night,61,0,40.70816397,-73.9995087,
10/22/17,Brooklyn Bridge,402,183,219,clear-night,60,0,40.70816397,-73.9995087,
10/22/17,Brooklyn Bridge,278,106,172,clear-night,59,0,40.70816397,-73.9995087,
10/22/17,Brooklyn Bridge,148,75,73,clear-night,58,0,40.70816397,-73.9995087,
10/22/17,Brooklyn Bridge,105,54,51,clear-night,58,0,40.70816397,-73.9995087,
10/23/17,Brooklyn Bridge,49,23,26,clear-night,58,0,40.70816397,-73.9995087,
10/23/17,Brooklyn Bridge,16,9,7,clear-night,57,0,40.70816397,-73.9995087,
10/23/17,Brooklyn Bridge,19,10,9,clear-night,57,0,40.70816397,-73.9995087,
10/23/17,Brooklyn Bridge,7,5,2,partly-cloudy-night,58,0,40.70816397,-73.9995087,
10/23/17,Brooklyn Bridge,5,3,2,partly-cloudy-night,59,0,40.70816397,-73.9995087,
10/23/17,Brooklyn Bridge,24,14,10,partly-cloudy-night,59,0,40.70816397,-73.9995087,
10/23/17,Brooklyn Bridge,83,44,39,partly-cloudy-night,60,0,40.70816397,-73.9995087,
10/23/17,Brooklyn Bridge,340,153,187,partly-cloudy-night,60,0,40.70816397,-73.9995087,
10/23/17,Brooklyn Bridge,542,201,341,partly-cloudy-day,61,0,40.70816397,-73.9995087,
10/23/17,Brooklyn Bridge,766,366,400,partly-cloudy-day,63,0,40.70816397,-73.9995087,
10/23/17,Brooklyn Bridge,1224,684,540,partly-cloudy-day,66,0,40.70816397,-73.9995087,
10/23/17,Brooklyn Bridge,2125,1104,1021,partly-cloudy-day,70,0,40.70816397,-73.9995087,
10/23/17,Brooklyn Bridge,2357,1128,1229,partly-cloudy-day,72,0,40.70816397,-73.9995087,
10/23/17,Brooklyn Bridge,2137,1085,1052,clear-day,72,0,40.70816397,-73.9995087,
10/23/17,Brooklyn Bridge,2280,1199,1081,partly-cloudy-day,72,0,40.70816397,-73.9995087,
10/23/17,Brooklyn Bridge,2391,1187,1204,partly-cloudy-day,71,0,40.70816397,-73.9995087,
10/23/17,Brooklyn Bridge,2530,1314,1216,clear-day,71,0,40.70816397,-73.9995087,
10/23/17,Brooklyn Bridge,2191,1203,988,partly-cloudy-day,69,0,40.70816397,-73.9995087,
10/23/17,Brooklyn Bridge,1075,573,502,partly-cloudy-day,68,0,40.70816397,-73.9995087,
10/23/17,Brooklyn Bridge,539,238,301,partly-cloudy-night,68,0,40.70816397,-73.9995087,
10/23/17,Brooklyn Bridge,321,181,140,partly-cloudy-night,68,0,40.70816397,-73.9995087,
10/23/17,Brooklyn Bridge,216,105,111,partly-cloudy-night,68,0,40.70816397,-73.9995087,
10/23/17,Brooklyn Bridge,127,58,69,clear-night,69,0,40.70816397,-73.9995087,
10/23/17,Brooklyn Bridge,78,45,33,partly-cloudy-night,68,0,40.70816397,-73.9995087,
10/24/17,Brooklyn Bridge,47,24,23,partly-cloudy-night,68,0,40.70816397,-73.9995087,
10/24/17,Brooklyn Bridge,16,6,10,partly-cloudy-night,68,0,40.70816397,-73.9995087,
10/24/17,Brooklyn Bridge,10,9,1,partly-cloudy-night,68,0,40.70816397,-73.9995087,
10/24/17,Brooklyn Bridge,5,2,3,partly-cloudy-night,68,0,40.70816397,-73.9995087,
10/24/17,Brooklyn Bridge,4,1,3,partly-cloudy-night,68,0,40.70816397,-73.9995087,
10/24/17,Brooklyn Bridge,32,24,8,partly-cloudy-night,69,0,40.70816397,-73.9995087,
10/24/17,Brooklyn Bridge,115,62,53,partly-cloudy-night,69,0,40.70816397,-73.9995087,
10/24/17,Brooklyn Bridge,274,125,149,partly-cloudy-night,70,0,40.70816397,-73.9995087,
10/24/17,Brooklyn Bridge,507,236,271,partly-cloudy-day,69,0,40.70816397,-73.9995087,
10/24/17,Brooklyn Bridge,677,378,299,partly-cloudy-day,69,0,40.70816397,-73.9995087,
10/24/17,Brooklyn Bridge,1265,674,591,partly-cloudy-day,70,0,40.70816397,-73.9995087,
10/24/17,Brooklyn Bridge,1978,994,984,partly-cloudy-day,72,0,40.70816397,-73.9995087,
10/24/17,Brooklyn Bridge,1975,785,1190,partly-cloudy-day,73,0,40.70816397,-73.9995087,
10/24/17,Brooklyn Bridge,1413,419,994,partly-cloudy-day,71,0,40.70816397,-73.9995087,
10/24/17,Brooklyn Bridge,1217,636,581,partly-cloudy-day,70,0,40.70816397,-73.9995087,
10/24/17,Brooklyn Bridge,1659,762,897,partly-cloudy-day,70,0,40.70816397,-73.9995087,
10/24/17,Brooklyn Bridge,1773,1016,757,partly-cloudy-day,69,0,40.70816397,-73.9995087,
10/24/17,Brooklyn Bridge,1237,816,421,partly-cloudy-day,68,0,40.70816397,-73.9995087,
10/24/17,Brooklyn Bridge,1396,820,576,partly-cloudy-night,68,0,40.70816397,-73.9995087,
10/24/17,Brooklyn Bridge,931,499,432,partly-cloudy-night,68,0,40.70816397,-73.9995087,
10/24/17,Brooklyn Bridge,708,424,284,partly-cloudy-night,67,0,40.70816397,-73.9995087,
10/24/17,Brooklyn Bridge,153,85,68,partly-cloudy-night,67,0,40.70816397,-73.9995087,
10/24/17,Brooklyn Bridge,121,57,64,partly-cloudy-night,67,0,40.70816397,-73.9995087,
10/24/17,Brooklyn Bridge,50,14,36,partly-cloudy-night,66,0,40.70816397,-73.9995087,
10/25/17,Brooklyn Bridge,23,11,12,partly-cloudy-night,66,0.0019,40.70816397,-73.9995087,
10/25/17,Brooklyn Bridge,16,9,7,partly-cloudy-night,65,0.008,40.70816397,-73.9995087,
10/25/17,Brooklyn Bridge,10,5,5,partly-cloudy-night,64,0.0007,40.70816397,-73.9995087,
10/25/17,Brooklyn Bridge,10,5,5,clear-night,63,0.0006,40.70816397,-73.9995087,
10/25/17,Brooklyn Bridge,4,2,2,clear-night,62,0.0004,40.70816397,-73.9995087,
10/25/17,Brooklyn Bridge,23,15,8,partly-cloudy-night,60,0.0002,40.70816397,-73.9995087,
10/25/17,Brooklyn Bridge,104,66,38,clear-night,59,0.0004,40.70816397,-73.9995087,
10/25/17,Brooklyn Bridge,324,170,154,clear-night,57,0.0001,40.70816397,-73.9995087,
10/25/17,Brooklyn Bridge,513,181,332,clear-day,56,0.0008,40.70816397,-73.9995087,
10/25/17,Brooklyn Bridge,797,367,430,clear-day,57,0.0009,40.70816397,-73.9995087,
10/25/17,Brooklyn Bridge,1437,782,655,clear-day,58,0.0002,40.70816397,-73.9995087,
10/25/17,Brooklyn Bridge,1987,982,1005,partly-cloudy-day,60,0.0002,40.70816397,-73.9995087,
10/25/17,Brooklyn Bridge,2131,1025,1106,partly-cloudy-day,61,0.0013,40.70816397,-73.9995087,
10/25/17,Brooklyn Bridge,1971,994,977,partly-cloudy-day,62,0.0024,40.70816397,-73.9995087,
10/25/17,Brooklyn Bridge,2277,1149,1128,partly-cloudy-day,64,0,40.70816397,-73.9995087,
10/25/17,Brooklyn Bridge,2217,1121,1096,partly-cloudy-day,64,0.0015,40.70816397,-73.9995087,
10/25/17,Brooklyn Bridge,2241,1201,1040,partly-cloudy-day,64,0.0008,40.70816397,-73.9995087,
10/25/17,Brooklyn Bridge,2271,1355,916,partly-cloudy-day,63,0.0013,40.70816397,-73.9995087,
10/25/17,Brooklyn Bridge,1136,557,579,partly-cloudy-night,62,0.0008,40.70816397,-73.9995087,
10/25/17,Brooklyn Bridge,455,245,210,partly-cloudy-night,61,0.0008,40.70816397,-73.9995087,
10/25/17,Brooklyn Bridge,319,137,182,partly-cloudy-night,60,0,40.70816397,-73.9995087,
10/25/17,Brooklyn Bridge,188,90,98,clear-night,59,0.0012,40.70816397,-73.9995087,
10/25/17,Brooklyn Bridge,158,96,62,clear-night,59,0,40.70816397,-73.9995087,
10/25/17,Brooklyn Bridge,103,46,57,partly-cloudy-night,58,0.0001,40.70816397,-73.9995087,
10/26/17,Brooklyn Bridge,42,18,24,partly-cloudy-night,57,0,40.70816397,-73.9995087,
10/26/17,Brooklyn Bridge,14,10,4,partly-cloudy-night,56,0,40.70816397,-73.9995087,
10/26/17,Brooklyn Bridge,4,2,2,partly-cloudy-night,55,0,40.70816397,-73.9995087,
10/26/17,Brooklyn Bridge,5,3,2,partly-cloudy-night,55,0,40.70816397,-73.9995087,
10/26/17,Brooklyn Bridge,0,0,0,partly-cloudy-night,54,0,40.70816397,-73.9995087,
10/26/17,Brooklyn Bridge,22,12,10,partly-cloudy-night,54,0,40.70816397,-73.9995087,
10/26/17,Brooklyn Bridge,76,50,26,partly-cloudy-night,53,0,40.70816397,-73.9995087,
10/26/17,Brooklyn Bridge,341,231,110,clear-night,52,0,40.70816397,-73.9995087,
10/26/17,Brooklyn Bridge,508,208,300,partly-cloudy-day,52,0,40.70816397,-73.9995087,
10/26/17,Brooklyn Bridge,661,338,323,partly-cloudy-day,53,0,40.70816397,-73.9995087,
10/26/17,Brooklyn Bridge,1258,716,542,partly-cloudy-day,54,0,40.70816397,-73.9995087,
10/26/17,Brooklyn Bridge,1795,937,858,partly-cloudy-day,55,0.0004,40.70816397,-73.9995087,
10/26/17,Brooklyn Bridge,1871,911,960,partly-cloudy-day,55,0.0015,40.70816397,-73.9995087,
10/26/17,Brooklyn Bridge,1661,699,962,partly-cloudy-day,55,0.0014,40.70816397,-73.9995087,
10/26/17,Brooklyn Bridge,1791,814,977,partly-cloudy-day,55,0.0009,40.70816397,-73.9995087,
10/26/17,Brooklyn Bridge,1520,757,763,partly-cloudy-day,56,0.0004,40.70816397,-73.9995087,
10/26/17,Brooklyn Bridge,1483,764,719,partly-cloudy-day,55,0.0024,40.70816397,-73.9995087,
10/26/17,Brooklyn Bridge,1447,777,670,partly-cloudy-day,55,0.0033,40.70816397,-73.9995087,
10/26/17,Brooklyn Bridge,756,379,377,partly-cloudy-night,55,0.0003,40.70816397,-73.9995087,
10/26/17,Brooklyn Bridge,357,179,178,clear-night,55,0,40.70816397,-73.9995087,
10/26/17,Brooklyn Bridge,212,102,110,clear-night,53,0,40.70816397,-73.9995087,
10/26/17,Brooklyn Bridge,159,88,71,clear-night,52,0.0001,40.70816397,-73.9995087,
10/26/17,Brooklyn Bridge,109,69,40,clear-night,51,0,40.70816397,-73.9995087,
10/26/17,Brooklyn Bridge,64,38,26,clear-night,50,0,40.70816397,-73.9995087,
10/27/17,Brooklyn Bridge,26,15,11,clear-night,48,0.0001,40.70816397,-73.9995087,
10/27/17,Brooklyn Bridge,17,11,6,clear-night,47,0,40.70816397,-73.9995087,
10/27/17,Brooklyn Bridge,5,5,0,clear-night,46,0,40.70816397,-73.9995087,
10/27/17,Brooklyn Bridge,13,8,5,clear-night,46,0,40.70816397,-73.9995087,
10/27/17,Brooklyn Bridge,4,3,1,clear-night,42,0.0001,40.70816397,-73.9995087,
10/27/17,Brooklyn Bridge,22,13,9,clear-night,45,0,40.70816397,-73.9995087,
10/27/17,Brooklyn Bridge,91,54,37,clear-night,44,0,40.70816397,-73.9995087,
10/27/17,Brooklyn Bridge,260,122,138,clear-night,44,0,40.70816397,-73.9995087,
10/27/17,Brooklyn Bridge,347,145,202,clear-day,44,0,40.70816397,-73.9995087,
10/27/17,Brooklyn Bridge,670,380,290,clear-day,47,0.0009,40.70816397,-73.9995087,
10/27/17,Brooklyn Bridge,1650,994,656,clear-day,51,0,40.70816397,-73.9995087,
10/27/17,Brooklyn Bridge,2150,1126,1024,clear-day,55,0,40.70816397,-73.9995087,
10/27/17,Brooklyn Bridge,2603,1268,1335,clear-day,58,0,40.70816397,-73.9995087,
10/27/17,Brooklyn Bridge,2753,1372,1381,clear-day,60,0,40.70816397,-73.9995087,
10/27/17,Brooklyn Bridge,2743,1429,1314,clear-day,61,0.0006,40.70816397,-73.9995087,
10/27/17,Brooklyn Bridge,2679,1281,1398,clear-day,62,0.0008,40.70816397,-73.9995087,
10/27/17,Brooklyn Bridge,2571,1285,1286,clear-day,62,0,40.70816397,-73.9995087,
10/27/17,Brooklyn Bridge,2672,1468,1204,clear-day,61,0.0004,40.70816397,-73.9995087,
10/27/17,Brooklyn Bridge,1457,621,836,clear-night,59,0.0015,40.70816397,-73.9995087,
10/27/17,Brooklyn Bridge,570,198,372,clear-night,56,0,40.70816397,-73.9995087,
10/27/17,Brooklyn Bridge,326,155,171,clear-night,55,0,40.70816397,-73.9995087,
10/27/17,Brooklyn Bridge,225,99,126,clear-night,54,0,40.70816397,-73.9995087,
10/27/17,Brooklyn Bridge,193,89,104,clear-night,53,0,40.70816397,-73.9995087,
10/27/17,Brooklyn Bridge,139,76,63,clear-night,52,0,40.70816397,-73.9995087,
10/28/17,Brooklyn Bridge,78,36,42,clear-night,52,0,40.70816397,-73.9995087,
10/28/17,Brooklyn Bridge,23,14,9,clear-night,51,0,40.70816397,-73.9995087,
10/28/17,Brooklyn Bridge,14,8,6,clear-night,50,0,40.70816397,-73.9995087,
10/28/17,Brooklyn Bridge,3,0,3,clear-night,49,0,40.70816397,-73.9995087,
10/28/17,Brooklyn Bridge,6,4,2,clear-night,48,0,40.70816397,-73.9995087,
10/28/17,Brooklyn Bridge,12,7,5,clear-night,48,0,40.70816397,-73.9995087,
10/28/17,Brooklyn Bridge,49,37,12,clear-night,48,0,40.70816397,-73.9995087,
10/28/17,Brooklyn Bridge,272,148,124,clear-night,48,0,40.70816397,-73.9995087,
10/28/17,Brooklyn Bridge,371,192,179,clear-day,49,0,40.70816397,-73.9995087,
10/28/17,Brooklyn Bridge,951,575,376,clear-day,53,0,40.70816397,-73.9995087,
10/28/17,Brooklyn Bridge,2962,2267,695,clear-day,59,0,40.70816397,-73.9995087,
10/28/17,Brooklyn Bridge,4330,2150,2180,clear-day,64,0.0001,40.70816397,-73.9995087,
10/28/17,Brooklyn Bridge,3486,1925,1561,clear-day,66,0.0017,40.70816397,-73.9995087,
10/28/17,Brooklyn Bridge,4055,1560,2495,clear-day,67,0.0028,40.70816397,-73.9995087,
10/28/17,Brooklyn Bridge,3816,1865,1951,clear-day,68,0.0002,40.70816397,-73.9995087,
10/28/17,Brooklyn Bridge,3852,1927,1925,clear-day,68,0.0013,40.70816397,-73.9995087,
10/28/17,Brooklyn Bridge,3750,1758,1992,clear-day,66,0,40.70816397,-73.9995087,
10/28/17,Brooklyn Bridge,3451,1587,1864,clear-day,65,0.0021,40.70816397,-73.9995087,
10/28/17,Brooklyn Bridge,1534,589,945,clear-night,64,0,40.70816397,-73.9995087,
10/28/17,Brooklyn Bridge,645,278,367,clear-night,63,0,40.70816397,-73.9995087,
10/28/17,Brooklyn Bridge,518,236,282,partly-cloudy-night,63,0,40.70816397,-73.9995087,
10/28/17,Brooklyn Bridge,393,187,206,partly-cloudy-night,62,0,40.70816397,-73.9995087,
10/28/17,Brooklyn Bridge,254,124,130,partly-cloudy-night,61,0,40.70816397,-73.9995087,
10/28/17,Brooklyn Bridge,152,78,74,partly-cloudy-night,62,0,40.70816397,-73.9995087,
10/29/17,Brooklyn Bridge,92,57,35,partly-cloudy-night,62,0,40.70816397,-73.9995087,
10/29/17,Brooklyn Bridge,56,28,28,partly-cloudy-night,62,0,40.70816397,-73.9995087,
10/29/17,Brooklyn Bridge,25,11,14,partly-cloudy-night,63,0,40.70816397,-73.9995087,
10/29/17,Brooklyn Bridge,2,1,1,partly-cloudy-night,63,0.0008,40.70816397,-73.9995087,
10/29/17,Brooklyn Bridge,5,5,0,partly-cloudy-night,62,0.0039,40.70816397,-73.9995087,
10/29/17,Brooklyn Bridge,1,0,1,partly-cloudy-night,60,0.0061,40.70816397,-73.9995087,
10/29/17,Brooklyn Bridge,6,4,2,partly-cloudy-night,60,0.011,40.70816397,-73.9995087,
10/29/17,Brooklyn Bridge,75,52,23,partly-cloudy-night,61,0.0134,40.70816397,-73.9995087,
10/29/17,Brooklyn Bridge,162,67,95,partly-cloudy-day,61,0.0094,40.70816397,-73.9995087,
10/29/17,Brooklyn Bridge,283,148,135,partly-cloudy-day,61,0.0066,40.70816397,-73.9995087,
10/29/17,Brooklyn Bridge,598,340,258,rain,61,0.0293,40.70816397,-73.9995087,
10/29/17,Brooklyn Bridge,640,302,338,partly-cloudy-day,61,0.0163,40.70816397,-73.9995087,
10/29/17,Brooklyn Bridge,520,240,280,rain,62,0.0249,40.70816397,-73.9995087,
10/29/17,Brooklyn Bridge,292,126,166,rain,62,0.0628,40.70816397,-73.9995087,
10/29/17,Brooklyn Bridge,186,67,119,rain,63,0.1802,40.70816397,-73.9995087,
10/29/17,Brooklyn Bridge,82,37,45,rain,64,0.2382,40.70816397,-73.9995087,
10/29/17,Brooklyn Bridge,110,70,40,rain,64,0.2926,40.70816397,-73.9995087,
10/29/17,Brooklyn Bridge,76,39,37,rain,64,0.3305,40.70816397,-73.9995087,
10/29/17,Brooklyn Bridge,37,24,13,rain,64,0.1515,40.70816397,-73.9995087,
10/29/17,Brooklyn Bridge,16,8,8,rain,64,0.1252,40.70816397,-73.9995087,
10/29/17,Brooklyn Bridge,9,5,4,rain,64,0.1249,40.70816397,-73.9995087,
10/29/17,Brooklyn Bridge,2,1,1,rain,63,0.1711,40.70816397,-73.9995087,
10/29/17,Brooklyn Bridge,2,1,1,rain,63,0.2921,40.70816397,-73.9995087,
10/29/17,Brooklyn Bridge,4,3,1,rain,65,0.2357,40.70816397,-73.9995087,
10/30/17,Brooklyn Bridge,11,8,3,rain,61,0.0734,40.70816397,-73.9995087,
10/30/17,Brooklyn Bridge,3,2,1,clear-night,59,0.0157,40.70816397,-73.9995087,
10/30/17,Brooklyn Bridge,10,2,8,partly-cloudy-night,58,0.0013,40.70816397,-73.9995087,
10/30/17,Brooklyn Bridge,6,3,3,partly-cloudy-night,57,0.0004,40.70816397,-73.9995087,
10/30/17,Brooklyn Bridge,0,0,0,partly-cloudy-night,56,0.0023,40.70816397,-73.9995087,
10/30/17,Brooklyn Bridge,5,4,1,rain,54,0.0342,40.70816397,-73.9995087,
10/30/17,Brooklyn Bridge,18,10,8,rain,51,0.0396,40.70816397,-73.9995087,
10/30/17,Brooklyn Bridge,47,21,26,rain,48,0.0296,40.70816397,-73.9995087,
10/30/17,Brooklyn Bridge,126,47,79,rain,46,0.0364,40.70816397,-73.9995087,
10/30/17,Brooklyn Bridge,324,187,137,partly-cloudy-day,47,0.0233,40.70816397,-73.9995087,
10/30/17,Brooklyn Bridge,911,581,330,partly-cloudy-day,49,0.0042,40.70816397,-73.9995087,
10/30/17,Brooklyn Bridge,1730,921,809,partly-cloudy-day,51,0.0005,40.70816397,-73.9995087,
10/30/17,Brooklyn Bridge,1940,955,985,partly-cloudy-day,53,0.0005,40.70816397,-73.9995087,
10/30/17,Brooklyn Bridge,1914,960,954,partly-cloudy-day,55,0.0009,40.70816397,-73.9995087,
10/30/17,Brooklyn Bridge,2234,1207,1027,partly-cloudy-day,55,0.0001,40.70816397,-73.9995087,
10/30/17,Brooklyn Bridge,2274,1222,1052,partly-cloudy-day,55,0.0002,40.70816397,-73.9995087,
10/30/17,Brooklyn Bridge,2068,1064,1004,partly-cloudy-day,55,0.0002,40.70816397,-73.9995087,
10/30/17,Brooklyn Bridge,2066,1112,954,clear-day,55,0.0007,40.70816397,-73.9995087,
10/30/17,Brooklyn Bridge,1084,491,593,clear-night,53,0.0001,40.70816397,-73.9995087,
10/30/17,Brooklyn Bridge,409,178,231,clear-night,52,0.0009,40.70816397,-73.9995087,
10/30/17,Brooklyn Bridge,279,130,149,clear-night,51,0.0004,40.70816397,-73.9995087,
10/30/17,Brooklyn Bridge,166,75,91,clear-night,51,0,40.70816397,-73.9995087,
10/30/17,Brooklyn Bridge,102,51,51,clear-night,51,0,40.70816397,-73.9995087,
10/30/17,Brooklyn Bridge,47,22,25,clear-night,50,0.0001,40.70816397,-73.9995087,
10/31/17,Brooklyn Bridge,25,7,18,clear-night,51,0,40.70816397,-73.9995087,Halloween
10/31/17,Brooklyn Bridge,3,2,1,clear-night,51,0,40.70816397,-73.9995087,Halloween
10/31/17,Brooklyn Bridge,6,5,1,clear-night,50,0,40.70816397,-73.9995087,Halloween
10/31/17,Brooklyn Bridge,3,3,0,clear-night,49,0,40.70816397,-73.9995087,Halloween
10/31/17,Brooklyn Bridge,2,1,1,clear-night,49,0,40.70816397,-73.9995087,Halloween
10/31/17,Brooklyn Bridge,24,14,10,clear-night,49,0,40.70816397,-73.9995087,Halloween
10/31/17,Brooklyn Bridge,76,42,34,clear-night,48,0,40.70816397,-73.9995087,Halloween
10/31/17,Brooklyn Bridge,247,116,131,clear-night,48,0,40.70816397,-73.9995087,Halloween
10/31/17,Brooklyn Bridge,350,131,219,clear-day,47,0.0001,40.70816397,-73.9995087,Halloween
10/31/17,Brooklyn Bridge,796,411,385,clear-day,49,0,40.70816397,-73.9995087,Halloween
10/31/17,Brooklyn Bridge,1667,945,722,clear-day,51,0,40.70816397,-73.9995087,Halloween
10/31/17,Brooklyn Bridge,2304,1135,1169,partly-cloudy-day,52,0,40.70816397,-73.9995087,Halloween
10/31/17,Brooklyn Bridge,2464,1184,1280,clear-day,54,0,40.70816397,-73.9995087,Halloween
10/31/17,Brooklyn Bridge,2465,1197,1268,clear-day,55,0,40.70816397,-73.9995087,Halloween
10/31/17,Brooklyn Bridge,2398,1137,1261,clear-day,56,0,40.70816397,-73.9995087,Halloween
10/31/17,Brooklyn Bridge,2094,1023,1071,clear-day,56,0,40.70816397,-73.9995087,Halloween
10/31/17,Brooklyn Bridge,2079,954,1125,clear-day,56,0.0001,40.70816397,-73.9995087,Halloween
10/31/17,Brooklyn Bridge,1731,868,863,clear-day,55,0,40.70816397,-73.9995087,Halloween
10/31/17,Brooklyn Bridge,818,356,462,clear-night,54,0,40.70816397,-73.9995087,Halloween
10/31/17,Brooklyn Bridge,275,141,134,clear-night,53,0,40.70816397,-73.9995087,Halloween
10/31/17,Brooklyn Bridge,179,70,109,clear-night,52,0,40.70816397,-73.9995087,Halloween
10/31/17,Brooklyn Bridge,105,53,52,clear-night,50,0,40.70816397,-73.9995087,Halloween
10/31/17,Brooklyn Bridge,60,36,24,clear-night,49,0,40.70816397,-73.9995087,Halloween
10/31/17,Brooklyn Bridge,50,33,17,clear-night,48,0,40.70816397,-73.9995087,Halloween